Ganancia,b0_q15,b1_q15,b2_q15,Ganancia @ 21Hz (dB)
1x,25,0,-49,-94.30582621152384
2x,49,0,-98,-91.10807811582552
4x,98,0,-197,-80.99906988416609
8x,197,0,-394,-79.02267519316388
Actual,2912,0,-2912,16.07797922216171
